--
-- PostgreSQL database dump
--

\restrict qKfiilquwpAKpdPFUGPTZD8sxy2pFWWvP4fmQ8NQKx7HyQtxIzWYcTWN4HaWdCx

-- Dumped from database version 18.3 (Debian 18.3-1.pgdg13+1)
-- Dumped by pg_dump version 18.3 (Ubuntu 18.3-1.pgdg24.04+1)

SET statement_timeout = 0;
SET lock_timeout = 0;
SET idle_in_transaction_session_timeout = 0;
SET transaction_timeout = 0;
SET client_encoding = 'UTF8';
SET standard_conforming_strings = on;
SELECT pg_catalog.set_config('search_path', '', false);
SET check_function_bodies = false;
SET xmloption = content;
SET client_min_messages = warning;
SET row_security = off;

SET default_tablespace = '';

SET default_table_access_method = heap;

--
-- Name: coupons; Type: TABLE; Schema: public; Owner: -
--

CREATE TABLE public.coupons (
    id integer NOT NULL,
    user_id integer,
    code character varying(30) NOT NULL,
    discount_pct integer DEFAULT 20 NOT NULL,
    is_used boolean DEFAULT false NOT NULL,
    expires_at timestamp with time zone NOT NULL,
    created_at timestamp with time zone DEFAULT now() NOT NULL
);


--
-- Name: coupons_id_seq; Type: SEQUENCE; Schema: public; Owner: -
--

CREATE SEQUENCE public.coupons_id_seq
    AS integer
    START WITH 1
    INCREMENT BY 1
    NO MINVALUE
    NO MAXVALUE
    CACHE 1;


--
-- Name: coupons_id_seq; Type: SEQUENCE OWNED BY; Schema: public; Owner: -
--

ALTER SEQUENCE public.coupons_id_seq OWNED BY public.coupons.id;


--
-- Name: invoices; Type: TABLE; Schema: public; Owner: -
--

CREATE TABLE public.invoices (
    id integer NOT NULL,
    invoice_number character varying(20) NOT NULL,
    session_id integer,
    user_id integer NOT NULL,
    client_name character varying(100) NOT NULL,
    client_phone character varying(20) NOT NULL,
    session_cost numeric(10,2) DEFAULT 0 NOT NULL,
    duration_min integer,
    price_per_hr numeric(10,2),
    services jsonb DEFAULT '[]'::jsonb NOT NULL,
    services_cost numeric(10,2) DEFAULT 0 NOT NULL,
    coupon_code character varying(30),
    discount_pct integer DEFAULT 0 NOT NULL,
    discount_amount numeric(10,2) DEFAULT 0 NOT NULL,
    subtotal numeric(10,2) DEFAULT 0 NOT NULL,
    total numeric(10,2) DEFAULT 0 NOT NULL,
    payment_method character varying(20) DEFAULT 'cash'::character varying NOT NULL,
    note text,
    created_at timestamp with time zone DEFAULT now() NOT NULL,
    wallet_paid numeric(10,2) DEFAULT 0 NOT NULL,
    cash_paid numeric(10,2) DEFAULT 0 NOT NULL
);


--
-- Name: invoices_id_seq; Type: SEQUENCE; Schema: public; Owner: -
--

CREATE SEQUENCE public.invoices_id_seq
    AS integer
    START WITH 1
    INCREMENT BY 1
    NO MINVALUE
    NO MAXVALUE
    CACHE 1;


--
-- Name: invoices_id_seq; Type: SEQUENCE OWNED BY; Schema: public; Owner: -
--

ALTER SEQUENCE public.invoices_id_seq OWNED BY public.invoices.id;


--
-- Name: price_settings; Type: TABLE; Schema: public; Owner: -
--

CREATE TABLE public.price_settings (
    id integer NOT NULL,
    period_name character varying(30) NOT NULL,
    start_hour integer NOT NULL,
    end_hour integer NOT NULL,
    price_per_hr numeric(10,2) NOT NULL,
    updated_at timestamp with time zone DEFAULT now() NOT NULL
);


--
-- Name: price_settings_id_seq; Type: SEQUENCE; Schema: public; Owner: -
--

CREATE SEQUENCE public.price_settings_id_seq
    AS integer
    START WITH 1
    INCREMENT BY 1
    NO MINVALUE
    NO MAXVALUE
    CACHE 1;


--
-- Name: price_settings_id_seq; Type: SEQUENCE OWNED BY; Schema: public; Owner: -
--

ALTER SEQUENCE public.price_settings_id_seq OWNED BY public.price_settings.id;


--
-- Name: services; Type: TABLE; Schema: public; Owner: -
--

CREATE TABLE public.services (
    id integer NOT NULL,
    name character varying(100) NOT NULL,
    price numeric(10,2) NOT NULL,
    is_active boolean DEFAULT true NOT NULL,
    created_at timestamp with time zone DEFAULT now() NOT NULL,
    updated_at timestamp with time zone DEFAULT now() NOT NULL
);


--
-- Name: services_id_seq; Type: SEQUENCE; Schema: public; Owner: -
--

CREATE SEQUENCE public.services_id_seq
    AS integer
    START WITH 1
    INCREMENT BY 1
    NO MINVALUE
    NO MAXVALUE
    CACHE 1;


--
-- Name: services_id_seq; Type: SEQUENCE OWNED BY; Schema: public; Owner: -
--

ALTER SEQUENCE public.services_id_seq OWNED BY public.services.id;


--
-- Name: sessions; Type: TABLE; Schema: public; Owner: -
--

CREATE TABLE public.sessions (
    id integer NOT NULL,
    user_id integer NOT NULL,
    check_in timestamp with time zone DEFAULT now() NOT NULL,
    check_out timestamp with time zone,
    duration_min integer,
    price_per_hr numeric(10,2) NOT NULL,
    cost numeric(10,2),
    payment_method character varying(20) DEFAULT 'wallet'::character varying,
    status character varying(20) DEFAULT 'active'::character varying NOT NULL,
    created_at timestamp with time zone DEFAULT now() NOT NULL
);


--
-- Name: sessions_id_seq; Type: SEQUENCE; Schema: public; Owner: -
--

CREATE SEQUENCE public.sessions_id_seq
    AS integer
    START WITH 1
    INCREMENT BY 1
    NO MINVALUE
    NO MAXVALUE
    CACHE 1;


--
-- Name: sessions_id_seq; Type: SEQUENCE OWNED BY; Schema: public; Owner: -
--

ALTER SEQUENCE public.sessions_id_seq OWNED BY public.sessions.id;


--
-- Name: space_settings; Type: TABLE; Schema: public; Owner: -
--

CREATE TABLE public.space_settings (
    id integer NOT NULL,
    space_key character varying(30) NOT NULL,
    name character varying(100) NOT NULL,
    first_hour numeric(10,2) DEFAULT 0 NOT NULL,
    extra_hour numeric(10,2) DEFAULT 0 NOT NULL,
    max_hours integer DEFAULT 4 NOT NULL,
    updated_at timestamp with time zone DEFAULT now() NOT NULL
);


--
-- Name: space_settings_id_seq; Type: SEQUENCE; Schema: public; Owner: -
--

CREATE SEQUENCE public.space_settings_id_seq
    AS integer
    START WITH 1
    INCREMENT BY 1
    NO MINVALUE
    NO MAXVALUE
    CACHE 1;


--
-- Name: space_settings_id_seq; Type: SEQUENCE OWNED BY; Schema: public; Owner: -
--

ALTER SEQUENCE public.space_settings_id_seq OWNED BY public.space_settings.id;


--
-- Name: subscription_plans; Type: TABLE; Schema: public; Owner: -
--

CREATE TABLE public.subscription_plans (
    id integer NOT NULL,
    name character varying(100) NOT NULL,
    price numeric(10,2) NOT NULL,
    features text,
    discount_rooms integer DEFAULT 0 NOT NULL,
    is_active boolean DEFAULT true NOT NULL,
    created_at timestamp with time zone DEFAULT now() NOT NULL,
    updated_at timestamp with time zone DEFAULT now() NOT NULL
);


--
-- Name: subscription_plans_id_seq; Type: SEQUENCE; Schema: public; Owner: -
--

CREATE SEQUENCE public.subscription_plans_id_seq
    AS integer
    START WITH 1
    INCREMENT BY 1
    NO MINVALUE
    NO MAXVALUE
    CACHE 1;


--
-- Name: subscription_plans_id_seq; Type: SEQUENCE OWNED BY; Schema: public; Owner: -
--

ALTER SEQUENCE public.subscription_plans_id_seq OWNED BY public.subscription_plans.id;


--
-- Name: users; Type: TABLE; Schema: public; Owner: -
--

CREATE TABLE public.users (
    id integer NOT NULL,
    name character varying(100) NOT NULL,
    phone character varying(20) NOT NULL,
    password character varying(255) NOT NULL,
    role character varying(20) DEFAULT 'client'::character varying NOT NULL,
    balance numeric(10,2) DEFAULT 0 NOT NULL,
    points integer DEFAULT 0 NOT NULL,
    qr_code character varying(100),
    is_active boolean DEFAULT true NOT NULL,
    created_at timestamp with time zone DEFAULT now() NOT NULL,
    updated_at timestamp with time zone DEFAULT now() NOT NULL
);


--
-- Name: users_id_seq; Type: SEQUENCE; Schema: public; Owner: -
--

CREATE SEQUENCE public.users_id_seq
    AS integer
    START WITH 1
    INCREMENT BY 1
    NO MINVALUE
    NO MAXVALUE
    CACHE 1;


--
-- Name: users_id_seq; Type: SEQUENCE OWNED BY; Schema: public; Owner: -
--

ALTER SEQUENCE public.users_id_seq OWNED BY public.users.id;


--
-- Name: wallet_transactions; Type: TABLE; Schema: public; Owner: -
--

CREATE TABLE public.wallet_transactions (
    id integer NOT NULL,
    user_id integer NOT NULL,
    type character varying(20) NOT NULL,
    amount numeric(10,2) NOT NULL,
    description text,
    created_at timestamp with time zone DEFAULT now() NOT NULL
);


--
-- Name: wallet_transactions_id_seq; Type: SEQUENCE; Schema: public; Owner: -
--

CREATE SEQUENCE public.wallet_transactions_id_seq
    AS integer
    START WITH 1
    INCREMENT BY 1
    NO MINVALUE
    NO MAXVALUE
    CACHE 1;


--
-- Name: wallet_transactions_id_seq; Type: SEQUENCE OWNED BY; Schema: public; Owner: -
--

ALTER SEQUENCE public.wallet_transactions_id_seq OWNED BY public.wallet_transactions.id;


--
-- Name: coupons id; Type: DEFAULT; Schema: public; Owner: -
--

ALTER TABLE ONLY public.coupons ALTER COLUMN id SET DEFAULT nextval('public.coupons_id_seq'::regclass);


--
-- Name: invoices id; Type: DEFAULT; Schema: public; Owner: -
--

ALTER TABLE ONLY public.invoices ALTER COLUMN id SET DEFAULT nextval('public.invoices_id_seq'::regclass);


--
-- Name: price_settings id; Type: DEFAULT; Schema: public; Owner: -
--

ALTER TABLE ONLY public.price_settings ALTER COLUMN id SET DEFAULT nextval('public.price_settings_id_seq'::regclass);


--
-- Name: services id; Type: DEFAULT; Schema: public; Owner: -
--

ALTER TABLE ONLY public.services ALTER COLUMN id SET DEFAULT nextval('public.services_id_seq'::regclass);


--
-- Name: sessions id; Type: DEFAULT; Schema: public; Owner: -
--

ALTER TABLE ONLY public.sessions ALTER COLUMN id SET DEFAULT nextval('public.sessions_id_seq'::regclass);


--
-- Name: space_settings id; Type: DEFAULT; Schema: public; Owner: -
--

ALTER TABLE ONLY public.space_settings ALTER COLUMN id SET DEFAULT nextval('public.space_settings_id_seq'::regclass);


--
-- Name: subscription_plans id; Type: DEFAULT; Schema: public; Owner: -
--

ALTER TABLE ONLY public.subscription_plans ALTER COLUMN id SET DEFAULT nextval('public.subscription_plans_id_seq'::regclass);


--
-- Name: users id; Type: DEFAULT; Schema: public; Owner: -
--

ALTER TABLE ONLY public.users ALTER COLUMN id SET DEFAULT nextval('public.users_id_seq'::regclass);


--
-- Name: wallet_transactions id; Type: DEFAULT; Schema: public; Owner: -
--

ALTER TABLE ONLY public.wallet_transactions ALTER COLUMN id SET DEFAULT nextval('public.wallet_transactions_id_seq'::regclass);


--
-- Data for Name: coupons; Type: TABLE DATA; Schema: public; Owner: -
--

COPY public.coupons (id, user_id, code, discount_pct, is_used, expires_at, created_at) FROM stdin;
5	\N	PROMO-QNS2HC	20	t	2026-05-10 11:41:13.711+00	2026-04-10 11:41:13.714235+00
4	\N	LINK20	20	t	2026-05-10 09:29:42.669+00	2026-04-10 09:29:42.670308+00
6	\N	LINK10	10	f	2026-05-10 22:46:25.952+00	2026-04-10 22:46:25.954184+00
7	73	LINK20-A2J29W	20	t	2026-05-12 00:04:36.229+00	2026-04-12 00:04:36.233726+00
\.


--
-- Data for Name: invoices; Type: TABLE DATA; Schema: public; Owner: -
--

COPY public.invoices (id, invoice_number, session_id, user_id, client_name, client_phone, session_cost, duration_min, price_per_hr, services, services_cost, coupon_code, discount_pct, discount_amount, subtotal, total, payment_method, note, created_at, wallet_paid, cash_paid) FROM stdin;
1	INV-955988	31	161	سالم عبدالواحد	01029947834	30.00	1	30.00	[]	0.00	\N	0	0.00	30.00	30.00	cash	\N	2026-04-10 21:19:20.951721+00	0.00	0.00
2	INV-825759	28	75	احمد عبد الرحيم ربيع	01019839140	120.00	576	30.00	[]	0.00	LINK20	20	24.00	120.00	96.00	wallet	\N	2026-04-10 22:40:58.188692+00	0.00	0.00
3	INV-649706	33	75	احمد عبد الرحيم ربيع	01019839140	30.00	1	30.00	[]	0.00	\N	0	0.00	30.00	30.00	cash	\N	2026-04-10 23:29:39.240654+00	0.00	0.00
4	INV-805401	34	76	Salah mohamed	01000984633	30.00	1	30.00	[]	0.00	\N	0	0.00	30.00	30.00	cash	\N	2026-04-10 23:40:21.583648+00	0.00	0.00
5	INV-477916	35	76	Salah mohamed	01000984633	30.00	1	30.00	[]	0.00	\N	0	0.00	30.00	30.00	partial	\N	2026-04-10 23:41:52.081479+00	0.00	0.00
6	INV-579604	36	75	احمد عبد الرحيم ربيع	01019839140	30.00	1	30.00	[]	0.00	\N	0	0.00	30.00	30.00	partial	\N	2026-04-10 23:43:17.87553+00	0.00	0.00
7	INV-656022	42	76	Salah mohamed	01000984633	30.00	1	30.00	[]	0.00	\N	0	0.00	30.00	30.00	partial	\N	2026-04-11 23:21:02.116635+00	20.00	10.00
8	INV-668037	43	73	سالم علي	01029947833	30.00	1	30.00	[]	0.00	LINK20-A2J29W	20	6.00	30.00	24.00	cash	\N	2026-04-12 00:28:36.157587+00	0.00	24.00
\.


--
-- Data for Name: price_settings; Type: TABLE DATA; Schema: public; Owner: -
--

COPY public.price_settings (id, period_name, start_hour, end_hour, price_per_hr, updated_at) FROM stdin;
2	evening	14	22	15.00	2026-03-21 13:11:58.622963+00
3	night	22	6	12.00	2026-03-21 13:11:58.622963+00
4	morning	6	14	10.00	2026-03-21 14:01:29.287982+00
5	evening	14	22	15.00	2026-03-21 14:01:29.287982+00
6	night	22	6	12.00	2026-03-21 14:01:29.287982+00
7	morning	6	14	10.00	2026-03-21 15:11:55.949482+00
8	evening	14	22	15.00	2026-03-21 15:11:55.949482+00
9	night	22	6	12.00	2026-03-21 15:11:55.949482+00
10	morning	6	14	10.00	2026-03-21 15:53:05.046344+00
11	evening	14	22	15.00	2026-03-21 15:53:05.046344+00
12	night	22	6	12.00	2026-03-21 15:53:05.046344+00
13	morning	6	14	10.00	2026-03-21 15:58:10.380937+00
14	evening	14	22	15.00	2026-03-21 15:58:10.380937+00
15	night	22	6	12.00	2026-03-21 15:58:10.380937+00
16	morning	6	14	10.00	2026-03-21 16:06:51.864952+00
17	evening	14	22	15.00	2026-03-21 16:06:51.864952+00
18	night	22	6	12.00	2026-03-21 16:06:51.864952+00
19	morning	6	14	10.00	2026-03-21 16:14:20.642433+00
20	evening	14	22	15.00	2026-03-21 16:14:20.642433+00
21	night	22	6	12.00	2026-03-21 16:14:20.642433+00
22	morning	6	14	10.00	2026-03-21 17:32:18.440561+00
23	evening	14	22	15.00	2026-03-21 17:32:18.440561+00
24	night	22	6	12.00	2026-03-21 17:32:18.440561+00
25	morning	6	14	10.00	2026-03-21 17:50:28.64242+00
26	evening	14	22	15.00	2026-03-21 17:50:28.64242+00
27	night	22	6	12.00	2026-03-21 17:50:28.64242+00
28	morning	6	14	10.00	2026-03-21 22:11:45.638606+00
29	evening	14	22	15.00	2026-03-21 22:11:45.638606+00
30	night	22	6	12.00	2026-03-21 22:11:45.638606+00
64	morning	6	14	10.00	2026-03-22 17:29:42.712429+00
65	evening	14	22	15.00	2026-03-22 17:29:42.712429+00
66	night	22	6	12.00	2026-03-22 17:29:42.712429+00
67	morning	6	14	10.00	2026-03-22 17:49:34.698696+00
68	evening	14	22	15.00	2026-03-22 17:49:34.698696+00
69	night	22	6	12.00	2026-03-22 17:49:34.698696+00
70	morning	6	14	10.00	2026-03-22 17:57:39.877221+00
71	evening	14	22	15.00	2026-03-22 17:57:39.877221+00
72	night	22	6	12.00	2026-03-22 17:57:39.877221+00
73	morning	6	14	10.00	2026-03-23 23:51:52.730166+00
74	evening	14	22	15.00	2026-03-23 23:51:52.730166+00
75	night	22	6	12.00	2026-03-23 23:51:52.730166+00
76	morning	6	14	10.00	2026-03-24 00:02:31.284569+00
77	evening	14	22	15.00	2026-03-24 00:02:31.284569+00
78	night	22	6	12.00	2026-03-24 00:02:31.284569+00
79	morning	6	14	10.00	2026-03-24 00:36:53.03909+00
80	evening	14	22	15.00	2026-03-24 00:36:53.03909+00
81	night	22	6	12.00	2026-03-24 00:36:53.03909+00
82	morning	6	14	10.00	2026-03-24 22:25:43.38638+00
83	evening	14	22	15.00	2026-03-24 22:25:43.38638+00
84	night	22	6	12.00	2026-03-24 22:25:43.38638+00
85	morning	6	14	10.00	2026-03-24 22:39:49.164776+00
86	evening	14	22	15.00	2026-03-24 22:39:49.164776+00
87	night	22	6	12.00	2026-03-24 22:39:49.164776+00
88	morning	6	14	10.00	2026-03-24 23:05:15.998052+00
89	evening	14	22	15.00	2026-03-24 23:05:15.998052+00
90	night	22	6	12.00	2026-03-24 23:05:15.998052+00
91	morning	6	14	10.00	2026-03-25 10:38:09.221881+00
92	evening	14	22	15.00	2026-03-25 10:38:09.221881+00
93	night	22	6	12.00	2026-03-25 10:38:09.221881+00
94	morning	6	14	10.00	2026-03-28 17:02:36.316444+00
95	evening	14	22	15.00	2026-03-28 17:02:36.316444+00
96	night	22	6	12.00	2026-03-28 17:02:36.316444+00
97	morning	6	14	10.00	2026-03-28 17:07:39.114876+00
98	evening	14	22	15.00	2026-03-28 17:07:39.114876+00
99	night	22	6	12.00	2026-03-28 17:07:39.114876+00
100	morning	6	14	10.00	2026-03-30 21:11:13.202057+00
101	evening	14	22	15.00	2026-03-30 21:11:13.202057+00
102	night	22	6	12.00	2026-03-30 21:11:13.202057+00
103	morning	6	14	10.00	2026-04-09 17:30:39.651144+00
104	evening	14	22	15.00	2026-04-09 17:30:39.651144+00
105	night	22	6	12.00	2026-04-09 17:30:39.651144+00
106	morning	6	14	10.00	2026-04-09 23:41:32.412908+00
107	evening	14	22	15.00	2026-04-09 23:41:32.412908+00
108	night	22	6	12.00	2026-04-09 23:41:32.412908+00
1	morning	6	14	30.00	2026-03-21 23:07:09.180982+00
31	morning	6	14	10.00	2026-03-22 12:22:56.620032+00
32	evening	14	22	15.00	2026-03-22 12:22:56.620032+00
33	night	22	6	12.00	2026-03-22 12:22:56.620032+00
34	morning	6	14	10.00	2026-03-22 12:31:26.151155+00
35	evening	14	22	15.00	2026-03-22 12:31:26.151155+00
36	night	22	6	12.00	2026-03-22 12:31:26.151155+00
37	morning	6	14	10.00	2026-03-22 12:53:15.956456+00
38	evening	14	22	15.00	2026-03-22 12:53:15.956456+00
39	night	22	6	12.00	2026-03-22 12:53:15.956456+00
40	morning	6	14	10.00	2026-03-22 13:45:25.323524+00
41	evening	14	22	15.00	2026-03-22 13:45:25.323524+00
42	night	22	6	12.00	2026-03-22 13:45:25.323524+00
43	morning	6	14	10.00	2026-03-22 13:47:07.059152+00
44	evening	14	22	15.00	2026-03-22 13:47:07.059152+00
45	night	22	6	12.00	2026-03-22 13:47:07.059152+00
46	morning	6	14	10.00	2026-03-22 15:45:55.608983+00
47	evening	14	22	15.00	2026-03-22 15:45:55.608983+00
48	night	22	6	12.00	2026-03-22 15:45:55.608983+00
49	morning	6	14	10.00	2026-03-22 15:50:40.34579+00
50	evening	14	22	15.00	2026-03-22 15:50:40.34579+00
51	night	22	6	12.00	2026-03-22 15:50:40.34579+00
52	morning	6	14	10.00	2026-03-22 16:00:42.489366+00
53	evening	14	22	15.00	2026-03-22 16:00:42.489366+00
54	night	22	6	12.00	2026-03-22 16:00:42.489366+00
55	morning	6	14	10.00	2026-03-22 16:31:22.383951+00
56	evening	14	22	15.00	2026-03-22 16:31:22.383951+00
57	night	22	6	12.00	2026-03-22 16:31:22.383951+00
58	morning	6	14	10.00	2026-03-22 16:42:27.58534+00
59	evening	14	22	15.00	2026-03-22 16:42:27.58534+00
60	night	22	6	12.00	2026-03-22 16:42:27.58534+00
61	morning	6	14	10.00	2026-03-22 16:53:53.393649+00
62	evening	14	22	15.00	2026-03-22 16:53:53.393649+00
63	night	22	6	12.00	2026-03-22 16:53:53.393649+00
109	morning	6	14	10.00	2026-04-09 23:51:15.451164+00
110	evening	14	22	15.00	2026-04-09 23:51:15.451164+00
111	night	22	6	12.00	2026-04-09 23:51:15.451164+00
112	morning	6	14	10.00	2026-04-10 00:11:25.549212+00
113	evening	14	22	15.00	2026-04-10 00:11:25.549212+00
114	night	22	6	12.00	2026-04-10 00:11:25.549212+00
115	morning	6	14	10.00	2026-04-10 09:15:46.611141+00
116	evening	14	22	15.00	2026-04-10 09:15:46.611141+00
117	night	22	6	12.00	2026-04-10 09:15:46.611141+00
118	morning	6	14	10.00	2026-04-10 09:18:22.150228+00
119	evening	14	22	15.00	2026-04-10 09:18:22.150228+00
120	night	22	6	12.00	2026-04-10 09:18:22.150228+00
121	morning	6	14	10.00	2026-04-10 09:28:45.32926+00
122	evening	14	22	15.00	2026-04-10 09:28:45.32926+00
123	night	22	6	12.00	2026-04-10 09:28:45.32926+00
124	morning	6	14	10.00	2026-04-10 11:27:31.410191+00
125	evening	14	22	15.00	2026-04-10 11:27:31.410191+00
126	night	22	6	12.00	2026-04-10 11:27:31.410191+00
127	morning	6	14	10.00	2026-04-10 21:03:48.362687+00
128	evening	14	22	15.00	2026-04-10 21:03:48.362687+00
129	night	22	6	12.00	2026-04-10 21:03:48.362687+00
130	morning	6	14	10.00	2026-04-10 21:17:31.76213+00
131	evening	14	22	15.00	2026-04-10 21:17:31.76213+00
132	night	22	6	12.00	2026-04-10 21:17:31.76213+00
133	morning	6	14	10.00	2026-04-10 21:45:39.145896+00
134	evening	14	22	15.00	2026-04-10 21:45:39.145896+00
135	night	22	6	12.00	2026-04-10 21:45:39.145896+00
136	morning	6	14	10.00	2026-04-10 22:37:44.796577+00
137	evening	14	22	15.00	2026-04-10 22:37:44.796577+00
138	night	22	6	12.00	2026-04-10 22:37:44.796577+00
139	morning	6	14	10.00	2026-04-10 23:22:52.752525+00
140	evening	14	22	15.00	2026-04-10 23:22:52.752525+00
141	night	22	6	12.00	2026-04-10 23:22:52.752525+00
142	morning	6	14	10.00	2026-04-10 23:39:58.11818+00
143	evening	14	22	15.00	2026-04-10 23:39:58.11818+00
144	night	22	6	12.00	2026-04-10 23:39:58.11818+00
145	morning	6	14	10.00	2026-04-11 06:50:19.91695+00
146	evening	14	22	15.00	2026-04-11 06:50:19.91695+00
147	night	22	6	12.00	2026-04-11 06:50:19.91695+00
148	morning	6	14	10.00	2026-04-11 07:01:24.650682+00
149	evening	14	22	15.00	2026-04-11 07:01:24.650682+00
150	night	22	6	12.00	2026-04-11 07:01:24.650682+00
151	morning	6	14	10.00	2026-04-11 07:10:48.769315+00
152	evening	14	22	15.00	2026-04-11 07:10:48.769315+00
153	night	22	6	12.00	2026-04-11 07:10:48.769315+00
154	morning	6	14	10.00	2026-04-11 07:14:02.200193+00
155	evening	14	22	15.00	2026-04-11 07:14:02.200193+00
156	night	22	6	12.00	2026-04-11 07:14:02.200193+00
157	morning	6	14	10.00	2026-04-11 13:28:19.90505+00
158	evening	14	22	15.00	2026-04-11 13:28:19.90505+00
159	night	22	6	12.00	2026-04-11 13:28:19.90505+00
160	morning	6	14	10.00	2026-04-11 13:53:27.046742+00
161	evening	14	22	15.00	2026-04-11 13:53:27.046742+00
162	night	22	6	12.00	2026-04-11 13:53:27.046742+00
163	morning	6	14	10.00	2026-04-11 22:44:41.86706+00
164	evening	14	22	15.00	2026-04-11 22:44:41.86706+00
165	night	22	6	12.00	2026-04-11 22:44:41.86706+00
166	morning	6	14	10.00	2026-04-11 22:52:12.734221+00
167	evening	14	22	15.00	2026-04-11 22:52:12.734221+00
168	night	22	6	12.00	2026-04-11 22:52:12.734221+00
169	morning	6	14	10.00	2026-04-11 22:59:23.512472+00
170	evening	14	22	15.00	2026-04-11 22:59:23.512472+00
171	night	22	6	12.00	2026-04-11 22:59:23.512472+00
172	morning	6	14	10.00	2026-04-11 23:07:50.684076+00
173	evening	14	22	15.00	2026-04-11 23:07:50.684076+00
174	night	22	6	12.00	2026-04-11 23:07:50.684076+00
175	morning	6	14	10.00	2026-04-11 23:13:28.503105+00
176	evening	14	22	15.00	2026-04-11 23:13:28.503105+00
177	night	22	6	12.00	2026-04-11 23:13:28.503105+00
178	morning	6	14	10.00	2026-04-12 00:47:41.819041+00
179	evening	14	22	15.00	2026-04-12 00:47:41.819041+00
180	night	22	6	12.00	2026-04-12 00:47:41.819041+00
181	morning	6	14	10.00	2026-04-12 00:58:22.871606+00
182	evening	14	22	15.00	2026-04-12 00:58:22.871606+00
183	night	22	6	12.00	2026-04-12 00:58:22.871606+00
184	morning	6	14	10.00	2026-04-12 01:01:16.804096+00
185	evening	14	22	15.00	2026-04-12 01:01:16.804096+00
186	night	22	6	12.00	2026-04-12 01:01:16.804096+00
187	morning	6	14	10.00	2026-04-12 01:08:15.622883+00
188	evening	14	22	15.00	2026-04-12 01:08:15.622883+00
189	night	22	6	12.00	2026-04-12 01:08:15.622883+00
190	morning	6	14	10.00	2026-04-12 01:18:16.325799+00
191	evening	14	22	15.00	2026-04-12 01:18:16.325799+00
192	night	22	6	12.00	2026-04-12 01:18:16.325799+00
193	morning	6	14	10.00	2026-04-12 01:22:22.203277+00
194	evening	14	22	15.00	2026-04-12 01:22:22.203277+00
195	night	22	6	12.00	2026-04-12 01:22:22.203277+00
196	morning	6	14	10.00	2026-04-12 14:07:47.417513+00
197	evening	14	22	15.00	2026-04-12 14:07:47.417513+00
198	night	22	6	12.00	2026-04-12 14:07:47.417513+00
199	morning	6	14	10.00	2026-04-12 14:36:07.767258+00
200	evening	14	22	15.00	2026-04-12 14:36:07.767258+00
201	night	22	6	12.00	2026-04-12 14:36:07.767258+00
\.


--
-- Data for Name: services; Type: TABLE DATA; Schema: public; Owner: -
--

COPY public.services (id, name, price, is_active, created_at, updated_at) FROM stdin;
2	شاي	10.00	t	2026-03-24 22:39:49.174125+00	2026-03-24 22:39:49.174125+00
4	عصير	20.00	t	2026-03-24 22:39:49.174125+00	2026-03-24 22:39:49.174125+00
5	طباعة (ورقة)	3.00	t	2026-03-24 22:39:49.174125+00	2026-03-24 22:39:49.174125+00
6	سكانر	5.00	t	2026-03-24 22:39:49.174125+00	2026-03-24 22:39:49.174125+00
7	قهوة	15.00	t	2026-03-24 23:05:16.011849+00	2026-03-24 23:05:16.011849+00
8	شاي	10.00	t	2026-03-24 23:05:16.011849+00	2026-03-24 23:05:16.011849+00
10	عصير	20.00	t	2026-03-24 23:05:16.011849+00	2026-03-24 23:05:16.011849+00
11	طباعة (ورقة)	3.00	t	2026-03-24 23:05:16.011849+00	2026-03-24 23:05:16.011849+00
12	سكانر	5.00	t	2026-03-24 23:05:16.011849+00	2026-03-24 23:05:16.011849+00
13	قهوة	15.00	t	2026-03-25 10:38:09.227656+00	2026-03-25 10:38:09.227656+00
14	شاي	10.00	t	2026-03-25 10:38:09.227656+00	2026-03-25 10:38:09.227656+00
15	مياه	5.00	t	2026-03-25 10:38:09.227656+00	2026-03-25 10:38:09.227656+00
16	عصير	20.00	t	2026-03-25 10:38:09.227656+00	2026-03-25 10:38:09.227656+00
17	طباعة (ورقة)	3.00	t	2026-03-25 10:38:09.227656+00	2026-03-25 10:38:09.227656+00
18	سكانر	5.00	t	2026-03-25 10:38:09.227656+00	2026-03-25 10:38:09.227656+00
19	قهوة	15.00	t	2026-03-28 17:02:36.320967+00	2026-03-28 17:02:36.320967+00
20	شاي	10.00	t	2026-03-28 17:02:36.320967+00	2026-03-28 17:02:36.320967+00
21	مياه	5.00	t	2026-03-28 17:02:36.320967+00	2026-03-28 17:02:36.320967+00
22	عصير	20.00	t	2026-03-28 17:02:36.320967+00	2026-03-28 17:02:36.320967+00
23	طباعة (ورقة)	3.00	t	2026-03-28 17:02:36.320967+00	2026-03-28 17:02:36.320967+00
24	سكانر	5.00	t	2026-03-28 17:02:36.320967+00	2026-03-28 17:02:36.320967+00
25	قهوة	15.00	t	2026-03-28 17:07:39.124025+00	2026-03-28 17:07:39.124025+00
26	شاي	10.00	t	2026-03-28 17:07:39.124025+00	2026-03-28 17:07:39.124025+00
27	مياه	5.00	t	2026-03-28 17:07:39.124025+00	2026-03-28 17:07:39.124025+00
28	عصير	20.00	t	2026-03-28 17:07:39.124025+00	2026-03-28 17:07:39.124025+00
29	طباعة (ورقة)	3.00	t	2026-03-28 17:07:39.124025+00	2026-03-28 17:07:39.124025+00
30	سكانر	5.00	t	2026-03-28 17:07:39.124025+00	2026-03-28 17:07:39.124025+00
31	قهوة	15.00	t	2026-03-30 21:11:13.210249+00	2026-03-30 21:11:13.210249+00
32	شاي	10.00	t	2026-03-30 21:11:13.210249+00	2026-03-30 21:11:13.210249+00
33	مياه	5.00	t	2026-03-30 21:11:13.210249+00	2026-03-30 21:11:13.210249+00
34	عصير	20.00	t	2026-03-30 21:11:13.210249+00	2026-03-30 21:11:13.210249+00
35	طباعة (ورقة)	3.00	t	2026-03-30 21:11:13.210249+00	2026-03-30 21:11:13.210249+00
36	سكانر	5.00	t	2026-03-30 21:11:13.210249+00	2026-03-30 21:11:13.210249+00
1	قهوة	20.00	t	2026-03-24 22:39:49.174125+00	2026-03-30 21:18:24.793431+00
3	مياه صغيرة 	5.00	t	2026-03-24 22:39:49.174125+00	2026-03-30 21:20:01.57091+00
103	قهوة	15.00	t	2026-04-10 22:37:44.804162+00	2026-04-10 22:37:44.804162+00
9	مياه كبيرة 	10.00	t	2026-03-24 23:05:16.011849+00	2026-03-30 21:20:15.738262+00
37	قهوة	15.00	t	2026-04-09 17:30:39.657483+00	2026-04-09 17:30:39.657483+00
38	شاي	10.00	t	2026-04-09 17:30:39.657483+00	2026-04-09 17:30:39.657483+00
39	مياه	5.00	t	2026-04-09 17:30:39.657483+00	2026-04-09 17:30:39.657483+00
40	عصير	20.00	t	2026-04-09 17:30:39.657483+00	2026-04-09 17:30:39.657483+00
41	طباعة (ورقة)	3.00	t	2026-04-09 17:30:39.657483+00	2026-04-09 17:30:39.657483+00
42	سكانر	5.00	t	2026-04-09 17:30:39.657483+00	2026-04-09 17:30:39.657483+00
43	قهوة	15.00	t	2026-04-09 23:41:32.429015+00	2026-04-09 23:41:32.429015+00
44	شاي	10.00	t	2026-04-09 23:41:32.429015+00	2026-04-09 23:41:32.429015+00
45	مياه	5.00	t	2026-04-09 23:41:32.429015+00	2026-04-09 23:41:32.429015+00
46	عصير	20.00	t	2026-04-09 23:41:32.429015+00	2026-04-09 23:41:32.429015+00
47	طباعة (ورقة)	3.00	t	2026-04-09 23:41:32.429015+00	2026-04-09 23:41:32.429015+00
48	سكانر	5.00	t	2026-04-09 23:41:32.429015+00	2026-04-09 23:41:32.429015+00
49	قهوة	15.00	t	2026-04-09 23:51:15.467595+00	2026-04-09 23:51:15.467595+00
50	شاي	10.00	t	2026-04-09 23:51:15.467595+00	2026-04-09 23:51:15.467595+00
51	مياه	5.00	t	2026-04-09 23:51:15.467595+00	2026-04-09 23:51:15.467595+00
52	عصير	20.00	t	2026-04-09 23:51:15.467595+00	2026-04-09 23:51:15.467595+00
53	طباعة (ورقة)	3.00	t	2026-04-09 23:51:15.467595+00	2026-04-09 23:51:15.467595+00
54	سكانر	5.00	t	2026-04-09 23:51:15.467595+00	2026-04-09 23:51:15.467595+00
55	قهوة	15.00	t	2026-04-10 00:11:25.563689+00	2026-04-10 00:11:25.563689+00
56	شاي	10.00	t	2026-04-10 00:11:25.563689+00	2026-04-10 00:11:25.563689+00
57	مياه	5.00	t	2026-04-10 00:11:25.563689+00	2026-04-10 00:11:25.563689+00
58	عصير	20.00	t	2026-04-10 00:11:25.563689+00	2026-04-10 00:11:25.563689+00
59	طباعة (ورقة)	3.00	t	2026-04-10 00:11:25.563689+00	2026-04-10 00:11:25.563689+00
60	سكانر	5.00	t	2026-04-10 00:11:25.563689+00	2026-04-10 00:11:25.563689+00
61	قهوة	15.00	t	2026-04-10 09:15:46.620232+00	2026-04-10 09:15:46.620232+00
62	شاي	10.00	t	2026-04-10 09:15:46.620232+00	2026-04-10 09:15:46.620232+00
63	مياه	5.00	t	2026-04-10 09:15:46.620232+00	2026-04-10 09:15:46.620232+00
64	عصير	20.00	t	2026-04-10 09:15:46.620232+00	2026-04-10 09:15:46.620232+00
65	طباعة (ورقة)	3.00	t	2026-04-10 09:15:46.620232+00	2026-04-10 09:15:46.620232+00
66	سكانر	5.00	t	2026-04-10 09:15:46.620232+00	2026-04-10 09:15:46.620232+00
67	قهوة	15.00	t	2026-04-10 09:18:22.162781+00	2026-04-10 09:18:22.162781+00
68	شاي	10.00	t	2026-04-10 09:18:22.162781+00	2026-04-10 09:18:22.162781+00
69	مياه	5.00	t	2026-04-10 09:18:22.162781+00	2026-04-10 09:18:22.162781+00
70	عصير	20.00	t	2026-04-10 09:18:22.162781+00	2026-04-10 09:18:22.162781+00
71	طباعة (ورقة)	3.00	t	2026-04-10 09:18:22.162781+00	2026-04-10 09:18:22.162781+00
72	سكانر	5.00	t	2026-04-10 09:18:22.162781+00	2026-04-10 09:18:22.162781+00
73	قهوة	15.00	t	2026-04-10 09:28:45.339259+00	2026-04-10 09:28:45.339259+00
74	شاي	10.00	t	2026-04-10 09:28:45.339259+00	2026-04-10 09:28:45.339259+00
75	مياه	5.00	t	2026-04-10 09:28:45.339259+00	2026-04-10 09:28:45.339259+00
76	عصير	20.00	t	2026-04-10 09:28:45.339259+00	2026-04-10 09:28:45.339259+00
77	طباعة (ورقة)	3.00	t	2026-04-10 09:28:45.339259+00	2026-04-10 09:28:45.339259+00
78	سكانر	5.00	t	2026-04-10 09:28:45.339259+00	2026-04-10 09:28:45.339259+00
79	قهوة	15.00	t	2026-04-10 11:27:31.420704+00	2026-04-10 11:27:31.420704+00
80	شاي	10.00	t	2026-04-10 11:27:31.420704+00	2026-04-10 11:27:31.420704+00
81	مياه	5.00	t	2026-04-10 11:27:31.420704+00	2026-04-10 11:27:31.420704+00
82	عصير	20.00	t	2026-04-10 11:27:31.420704+00	2026-04-10 11:27:31.420704+00
83	طباعة (ورقة)	3.00	t	2026-04-10 11:27:31.420704+00	2026-04-10 11:27:31.420704+00
84	سكانر	5.00	t	2026-04-10 11:27:31.420704+00	2026-04-10 11:27:31.420704+00
85	قهوة	15.00	t	2026-04-10 21:03:48.370777+00	2026-04-10 21:03:48.370777+00
86	شاي	10.00	t	2026-04-10 21:03:48.370777+00	2026-04-10 21:03:48.370777+00
87	مياه	5.00	t	2026-04-10 21:03:48.370777+00	2026-04-10 21:03:48.370777+00
88	عصير	20.00	t	2026-04-10 21:03:48.370777+00	2026-04-10 21:03:48.370777+00
89	طباعة (ورقة)	3.00	t	2026-04-10 21:03:48.370777+00	2026-04-10 21:03:48.370777+00
90	سكانر	5.00	t	2026-04-10 21:03:48.370777+00	2026-04-10 21:03:48.370777+00
91	قهوة	15.00	t	2026-04-10 21:17:31.773989+00	2026-04-10 21:17:31.773989+00
92	شاي	10.00	t	2026-04-10 21:17:31.773989+00	2026-04-10 21:17:31.773989+00
93	مياه	5.00	t	2026-04-10 21:17:31.773989+00	2026-04-10 21:17:31.773989+00
94	عصير	20.00	t	2026-04-10 21:17:31.773989+00	2026-04-10 21:17:31.773989+00
95	طباعة (ورقة)	3.00	t	2026-04-10 21:17:31.773989+00	2026-04-10 21:17:31.773989+00
96	سكانر	5.00	t	2026-04-10 21:17:31.773989+00	2026-04-10 21:17:31.773989+00
97	قهوة	15.00	t	2026-04-10 21:45:39.165198+00	2026-04-10 21:45:39.165198+00
98	شاي	10.00	t	2026-04-10 21:45:39.165198+00	2026-04-10 21:45:39.165198+00
99	مياه	5.00	t	2026-04-10 21:45:39.165198+00	2026-04-10 21:45:39.165198+00
100	عصير	20.00	t	2026-04-10 21:45:39.165198+00	2026-04-10 21:45:39.165198+00
101	طباعة (ورقة)	3.00	t	2026-04-10 21:45:39.165198+00	2026-04-10 21:45:39.165198+00
102	سكانر	5.00	t	2026-04-10 21:45:39.165198+00	2026-04-10 21:45:39.165198+00
104	شاي	10.00	t	2026-04-10 22:37:44.804162+00	2026-04-10 22:37:44.804162+00
105	مياه	5.00	t	2026-04-10 22:37:44.804162+00	2026-04-10 22:37:44.804162+00
106	عصير	20.00	t	2026-04-10 22:37:44.804162+00	2026-04-10 22:37:44.804162+00
107	طباعة (ورقة)	3.00	t	2026-04-10 22:37:44.804162+00	2026-04-10 22:37:44.804162+00
108	سكانر	5.00	t	2026-04-10 22:37:44.804162+00	2026-04-10 22:37:44.804162+00
109	قهوة	15.00	t	2026-04-10 23:22:52.758737+00	2026-04-10 23:22:52.758737+00
110	شاي	10.00	t	2026-04-10 23:22:52.758737+00	2026-04-10 23:22:52.758737+00
111	مياه	5.00	t	2026-04-10 23:22:52.758737+00	2026-04-10 23:22:52.758737+00
112	عصير	20.00	t	2026-04-10 23:22:52.758737+00	2026-04-10 23:22:52.758737+00
113	طباعة (ورقة)	3.00	t	2026-04-10 23:22:52.758737+00	2026-04-10 23:22:52.758737+00
114	سكانر	5.00	t	2026-04-10 23:22:52.758737+00	2026-04-10 23:22:52.758737+00
115	قهوة	15.00	t	2026-04-10 23:39:58.12905+00	2026-04-10 23:39:58.12905+00
116	شاي	10.00	t	2026-04-10 23:39:58.12905+00	2026-04-10 23:39:58.12905+00
117	مياه	5.00	t	2026-04-10 23:39:58.12905+00	2026-04-10 23:39:58.12905+00
118	عصير	20.00	t	2026-04-10 23:39:58.12905+00	2026-04-10 23:39:58.12905+00
119	طباعة (ورقة)	3.00	t	2026-04-10 23:39:58.12905+00	2026-04-10 23:39:58.12905+00
120	سكانر	5.00	t	2026-04-10 23:39:58.12905+00	2026-04-10 23:39:58.12905+00
121	قهوة	15.00	t	2026-04-11 06:50:19.927146+00	2026-04-11 06:50:19.927146+00
122	شاي	10.00	t	2026-04-11 06:50:19.927146+00	2026-04-11 06:50:19.927146+00
123	مياه	5.00	t	2026-04-11 06:50:19.927146+00	2026-04-11 06:50:19.927146+00
124	عصير	20.00	t	2026-04-11 06:50:19.927146+00	2026-04-11 06:50:19.927146+00
125	طباعة (ورقة)	3.00	t	2026-04-11 06:50:19.927146+00	2026-04-11 06:50:19.927146+00
126	سكانر	5.00	t	2026-04-11 06:50:19.927146+00	2026-04-11 06:50:19.927146+00
127	قهوة	15.00	t	2026-04-11 07:01:24.6606+00	2026-04-11 07:01:24.6606+00
128	شاي	10.00	t	2026-04-11 07:01:24.6606+00	2026-04-11 07:01:24.6606+00
129	مياه	5.00	t	2026-04-11 07:01:24.6606+00	2026-04-11 07:01:24.6606+00
130	عصير	20.00	t	2026-04-11 07:01:24.6606+00	2026-04-11 07:01:24.6606+00
131	طباعة (ورقة)	3.00	t	2026-04-11 07:01:24.6606+00	2026-04-11 07:01:24.6606+00
132	سكانر	5.00	t	2026-04-11 07:01:24.6606+00	2026-04-11 07:01:24.6606+00
133	قهوة	15.00	t	2026-04-11 07:10:48.780444+00	2026-04-11 07:10:48.780444+00
134	شاي	10.00	t	2026-04-11 07:10:48.780444+00	2026-04-11 07:10:48.780444+00
135	مياه	5.00	t	2026-04-11 07:10:48.780444+00	2026-04-11 07:10:48.780444+00
136	عصير	20.00	t	2026-04-11 07:10:48.780444+00	2026-04-11 07:10:48.780444+00
137	طباعة (ورقة)	3.00	t	2026-04-11 07:10:48.780444+00	2026-04-11 07:10:48.780444+00
138	سكانر	5.00	t	2026-04-11 07:10:48.780444+00	2026-04-11 07:10:48.780444+00
139	قهوة	15.00	t	2026-04-11 07:14:02.208559+00	2026-04-11 07:14:02.208559+00
140	شاي	10.00	t	2026-04-11 07:14:02.208559+00	2026-04-11 07:14:02.208559+00
141	مياه	5.00	t	2026-04-11 07:14:02.208559+00	2026-04-11 07:14:02.208559+00
142	عصير	20.00	t	2026-04-11 07:14:02.208559+00	2026-04-11 07:14:02.208559+00
143	طباعة (ورقة)	3.00	t	2026-04-11 07:14:02.208559+00	2026-04-11 07:14:02.208559+00
144	سكانر	5.00	t	2026-04-11 07:14:02.208559+00	2026-04-11 07:14:02.208559+00
145	قهوة	15.00	t	2026-04-11 13:28:19.914892+00	2026-04-11 13:28:19.914892+00
146	شاي	10.00	t	2026-04-11 13:28:19.914892+00	2026-04-11 13:28:19.914892+00
147	مياه	5.00	t	2026-04-11 13:28:19.914892+00	2026-04-11 13:28:19.914892+00
148	عصير	20.00	t	2026-04-11 13:28:19.914892+00	2026-04-11 13:28:19.914892+00
149	طباعة (ورقة)	3.00	t	2026-04-11 13:28:19.914892+00	2026-04-11 13:28:19.914892+00
150	سكانر	5.00	t	2026-04-11 13:28:19.914892+00	2026-04-11 13:28:19.914892+00
151	قهوة	15.00	t	2026-04-11 13:53:27.05416+00	2026-04-11 13:53:27.05416+00
152	شاي	10.00	t	2026-04-11 13:53:27.05416+00	2026-04-11 13:53:27.05416+00
153	مياه	5.00	t	2026-04-11 13:53:27.05416+00	2026-04-11 13:53:27.05416+00
154	عصير	20.00	t	2026-04-11 13:53:27.05416+00	2026-04-11 13:53:27.05416+00
155	طباعة (ورقة)	3.00	t	2026-04-11 13:53:27.05416+00	2026-04-11 13:53:27.05416+00
156	سكانر	5.00	t	2026-04-11 13:53:27.05416+00	2026-04-11 13:53:27.05416+00
157	قهوة	15.00	t	2026-04-11 22:44:41.874831+00	2026-04-11 22:44:41.874831+00
158	شاي	10.00	t	2026-04-11 22:44:41.874831+00	2026-04-11 22:44:41.874831+00
159	مياه	5.00	t	2026-04-11 22:44:41.874831+00	2026-04-11 22:44:41.874831+00
160	عصير	20.00	t	2026-04-11 22:44:41.874831+00	2026-04-11 22:44:41.874831+00
161	طباعة (ورقة)	3.00	t	2026-04-11 22:44:41.874831+00	2026-04-11 22:44:41.874831+00
162	سكانر	5.00	t	2026-04-11 22:44:41.874831+00	2026-04-11 22:44:41.874831+00
163	قهوة	15.00	t	2026-04-11 22:52:12.742248+00	2026-04-11 22:52:12.742248+00
164	شاي	10.00	t	2026-04-11 22:52:12.742248+00	2026-04-11 22:52:12.742248+00
165	مياه	5.00	t	2026-04-11 22:52:12.742248+00	2026-04-11 22:52:12.742248+00
166	عصير	20.00	t	2026-04-11 22:52:12.742248+00	2026-04-11 22:52:12.742248+00
167	طباعة (ورقة)	3.00	t	2026-04-11 22:52:12.742248+00	2026-04-11 22:52:12.742248+00
168	سكانر	5.00	t	2026-04-11 22:52:12.742248+00	2026-04-11 22:52:12.742248+00
169	قهوة	15.00	t	2026-04-11 22:59:23.522875+00	2026-04-11 22:59:23.522875+00
170	شاي	10.00	t	2026-04-11 22:59:23.522875+00	2026-04-11 22:59:23.522875+00
171	مياه	5.00	t	2026-04-11 22:59:23.522875+00	2026-04-11 22:59:23.522875+00
172	عصير	20.00	t	2026-04-11 22:59:23.522875+00	2026-04-11 22:59:23.522875+00
173	طباعة (ورقة)	3.00	t	2026-04-11 22:59:23.522875+00	2026-04-11 22:59:23.522875+00
174	سكانر	5.00	t	2026-04-11 22:59:23.522875+00	2026-04-11 22:59:23.522875+00
175	قهوة	15.00	t	2026-04-11 23:07:50.690885+00	2026-04-11 23:07:50.690885+00
176	شاي	10.00	t	2026-04-11 23:07:50.690885+00	2026-04-11 23:07:50.690885+00
177	مياه	5.00	t	2026-04-11 23:07:50.690885+00	2026-04-11 23:07:50.690885+00
178	عصير	20.00	t	2026-04-11 23:07:50.690885+00	2026-04-11 23:07:50.690885+00
179	طباعة (ورقة)	3.00	t	2026-04-11 23:07:50.690885+00	2026-04-11 23:07:50.690885+00
180	سكانر	5.00	t	2026-04-11 23:07:50.690885+00	2026-04-11 23:07:50.690885+00
181	قهوة	15.00	t	2026-04-11 23:13:28.50812+00	2026-04-11 23:13:28.50812+00
182	شاي	10.00	t	2026-04-11 23:13:28.50812+00	2026-04-11 23:13:28.50812+00
183	مياه	5.00	t	2026-04-11 23:13:28.50812+00	2026-04-11 23:13:28.50812+00
184	عصير	20.00	t	2026-04-11 23:13:28.50812+00	2026-04-11 23:13:28.50812+00
185	طباعة (ورقة)	3.00	t	2026-04-11 23:13:28.50812+00	2026-04-11 23:13:28.50812+00
186	سكانر	5.00	t	2026-04-11 23:13:28.50812+00	2026-04-11 23:13:28.50812+00
187	قهوة	15.00	t	2026-04-12 00:47:41.828026+00	2026-04-12 00:47:41.828026+00
188	شاي	10.00	t	2026-04-12 00:47:41.828026+00	2026-04-12 00:47:41.828026+00
189	مياه	5.00	t	2026-04-12 00:47:41.828026+00	2026-04-12 00:47:41.828026+00
190	عصير	20.00	t	2026-04-12 00:47:41.828026+00	2026-04-12 00:47:41.828026+00
191	طباعة (ورقة)	3.00	t	2026-04-12 00:47:41.828026+00	2026-04-12 00:47:41.828026+00
192	سكانر	5.00	t	2026-04-12 00:47:41.828026+00	2026-04-12 00:47:41.828026+00
193	قهوة	15.00	t	2026-04-12 00:58:22.881315+00	2026-04-12 00:58:22.881315+00
194	شاي	10.00	t	2026-04-12 00:58:22.881315+00	2026-04-12 00:58:22.881315+00
195	مياه	5.00	t	2026-04-12 00:58:22.881315+00	2026-04-12 00:58:22.881315+00
196	عصير	20.00	t	2026-04-12 00:58:22.881315+00	2026-04-12 00:58:22.881315+00
197	طباعة (ورقة)	3.00	t	2026-04-12 00:58:22.881315+00	2026-04-12 00:58:22.881315+00
198	سكانر	5.00	t	2026-04-12 00:58:22.881315+00	2026-04-12 00:58:22.881315+00
199	قهوة	15.00	t	2026-04-12 01:01:16.810158+00	2026-04-12 01:01:16.810158+00
200	شاي	10.00	t	2026-04-12 01:01:16.810158+00	2026-04-12 01:01:16.810158+00
201	مياه	5.00	t	2026-04-12 01:01:16.810158+00	2026-04-12 01:01:16.810158+00
202	عصير	20.00	t	2026-04-12 01:01:16.810158+00	2026-04-12 01:01:16.810158+00
203	طباعة (ورقة)	3.00	t	2026-04-12 01:01:16.810158+00	2026-04-12 01:01:16.810158+00
204	سكانر	5.00	t	2026-04-12 01:01:16.810158+00	2026-04-12 01:01:16.810158+00
205	قهوة	15.00	t	2026-04-12 01:08:15.63123+00	2026-04-12 01:08:15.63123+00
206	شاي	10.00	t	2026-04-12 01:08:15.63123+00	2026-04-12 01:08:15.63123+00
207	مياه	5.00	t	2026-04-12 01:08:15.63123+00	2026-04-12 01:08:15.63123+00
208	عصير	20.00	t	2026-04-12 01:08:15.63123+00	2026-04-12 01:08:15.63123+00
209	طباعة (ورقة)	3.00	t	2026-04-12 01:08:15.63123+00	2026-04-12 01:08:15.63123+00
210	سكانر	5.00	t	2026-04-12 01:08:15.63123+00	2026-04-12 01:08:15.63123+00
211	قهوة	15.00	t	2026-04-12 01:18:16.334311+00	2026-04-12 01:18:16.334311+00
212	شاي	10.00	t	2026-04-12 01:18:16.334311+00	2026-04-12 01:18:16.334311+00
213	مياه	5.00	t	2026-04-12 01:18:16.334311+00	2026-04-12 01:18:16.334311+00
214	عصير	20.00	t	2026-04-12 01:18:16.334311+00	2026-04-12 01:18:16.334311+00
215	طباعة (ورقة)	3.00	t	2026-04-12 01:18:16.334311+00	2026-04-12 01:18:16.334311+00
216	سكانر	5.00	t	2026-04-12 01:18:16.334311+00	2026-04-12 01:18:16.334311+00
217	قهوة	15.00	t	2026-04-12 01:22:22.214178+00	2026-04-12 01:22:22.214178+00
218	شاي	10.00	t	2026-04-12 01:22:22.214178+00	2026-04-12 01:22:22.214178+00
219	مياه	5.00	t	2026-04-12 01:22:22.214178+00	2026-04-12 01:22:22.214178+00
220	عصير	20.00	t	2026-04-12 01:22:22.214178+00	2026-04-12 01:22:22.214178+00
221	طباعة (ورقة)	3.00	t	2026-04-12 01:22:22.214178+00	2026-04-12 01:22:22.214178+00
222	سكانر	5.00	t	2026-04-12 01:22:22.214178+00	2026-04-12 01:22:22.214178+00
223	قهوة	15.00	t	2026-04-12 14:07:47.431846+00	2026-04-12 14:07:47.431846+00
224	شاي	10.00	t	2026-04-12 14:07:47.431846+00	2026-04-12 14:07:47.431846+00
225	مياه	5.00	t	2026-04-12 14:07:47.431846+00	2026-04-12 14:07:47.431846+00
226	عصير	20.00	t	2026-04-12 14:07:47.431846+00	2026-04-12 14:07:47.431846+00
227	طباعة (ورقة)	3.00	t	2026-04-12 14:07:47.431846+00	2026-04-12 14:07:47.431846+00
228	سكانر	5.00	t	2026-04-12 14:07:47.431846+00	2026-04-12 14:07:47.431846+00
229	قهوة	15.00	t	2026-04-12 14:36:07.773197+00	2026-04-12 14:36:07.773197+00
230	شاي	10.00	t	2026-04-12 14:36:07.773197+00	2026-04-12 14:36:07.773197+00
231	مياه	5.00	t	2026-04-12 14:36:07.773197+00	2026-04-12 14:36:07.773197+00
232	عصير	20.00	t	2026-04-12 14:36:07.773197+00	2026-04-12 14:36:07.773197+00
233	طباعة (ورقة)	3.00	t	2026-04-12 14:36:07.773197+00	2026-04-12 14:36:07.773197+00
234	سكانر	5.00	t	2026-04-12 14:36:07.773197+00	2026-04-12 14:36:07.773197+00
\.


--
-- Data for Name: sessions; Type: TABLE DATA; Schema: public; Owner: -
--

COPY public.sessions (id, user_id, check_in, check_out, duration_min, price_per_hr, cost, payment_method, status, created_at) FROM stdin;
1	74	2026-03-22 16:26:17.007837+00	2026-03-22 16:26:17.071+00	1	15.00	0.25	wallet	completed	2026-03-22 16:26:17.007837+00
2	74	2026-03-22 16:26:17.099473+00	2026-03-22 16:26:17.156+00	1	15.00	0.25	wallet	completed	2026-03-22 16:26:17.099473+00
3	74	2026-03-22 16:26:17.173729+00	2026-03-22 16:26:17.369+00	1	15.00	0.25	wallet	completed	2026-03-22 16:26:17.173729+00
4	74	2026-03-22 16:27:53.709325+00	2026-03-22 16:27:53.872+00	1	15.00	0.25	wallet	completed	2026-03-22 16:27:53.709325+00
5	74	2026-03-22 16:27:53.937689+00	2026-03-22 16:27:54.118+00	1	15.00	0.25	wallet	completed	2026-03-22 16:27:53.937689+00
6	75	2026-03-22 16:55:47.060463+00	2026-03-23 06:49:04.886+00	834	15.00	208.50	wallet	completed	2026-03-22 16:55:47.060463+00
7	161	2026-03-22 23:28:29.694773+00	2026-03-24 17:20:00.961+00	2512	12.00	502.40	wallet	completed	2026-03-22 23:28:29.694773+00
8	73	2026-03-24 17:19:41.040407+00	2026-03-24 17:35:28.623+00	16	15.00	4.00	wallet	completed	2026-03-24 17:19:41.040407+00
9	73	2026-03-24 22:30:35.722137+00	2026-03-24 22:42:33.951+00	12	12.00	2.40	wallet	completed	2026-03-24 22:30:35.722137+00
10	73	2026-03-24 22:55:39.151875+00	2026-03-24 23:09:00.169+00	14	12.00	2.80	wallet	completed	2026-03-24 22:55:39.151875+00
11	73	2026-03-25 09:11:39.930753+00	2026-03-25 10:42:52.884+00	92	10.00	15.33	wallet	completed	2026-03-25 09:11:39.930753+00
12	73	2026-03-26 17:00:14.238112+00	2026-03-26 17:00:24.016+00	1	15.00	0.25	wallet	completed	2026-03-26 17:00:14.238112+00
13	73	2026-03-26 17:00:38.462156+00	2026-03-28 00:20:55.106+00	1881	15.00	60.00	wallet	completed	2026-03-26 17:00:38.462156+00
14	73	2026-03-28 16:40:22.146319+00	2026-03-28 16:43:20.539+00	3	15.00	0.75	wallet	completed	2026-03-28 16:40:22.146319+00
15	73	2026-03-28 17:15:38.816663+00	2026-03-28 17:15:57.457+00	1	30.00	0.50	wallet	completed	2026-03-28 17:15:38.816663+00
16	161	2026-03-30 13:09:36.056537+00	2026-03-30 13:09:40.936+00	1	30.00	0.50	wallet	completed	2026-03-30 13:09:36.056537+00
17	73	2026-03-30 21:17:33.717131+00	2026-03-30 21:17:45.39+00	1	30.00	0.50	wallet	completed	2026-03-30 21:17:33.717131+00
18	161	2026-03-30 21:19:12.23873+00	2026-03-30 21:21:19.414+00	3	30.00	1.50	wallet	completed	2026-03-30 21:19:12.23873+00
19	161	2026-04-01 23:22:29.708089+00	2026-04-02 15:27:14.263+00	965	30.00	120.00	wallet	completed	2026-04-01 23:22:29.708089+00
20	161	2026-04-02 15:28:00.386344+00	2026-04-09 17:44:24.027+00	10217	30.00	120.00	wallet	completed	2026-04-02 15:28:00.386344+00
21	73	2026-04-09 17:43:28.927434+00	2026-04-09 17:45:12.392+00	2	30.00	30.00	wallet	completed	2026-04-09 17:43:28.927434+00
22	73	2026-04-09 17:47:35.074878+00	2026-04-09 23:43:37.454+00	357	30.00	120.00	wallet	completed	2026-04-09 17:47:35.074878+00
23	73	2026-04-09 23:44:02.156463+00	2026-04-09 23:44:21.01+00	1	30.00	30.00	wallet	completed	2026-04-09 23:44:02.156463+00
24	73	2026-04-09 23:53:56.854953+00	2026-04-09 23:54:12.731+00	1	35.00	35.00	wallet	completed	2026-04-09 23:53:56.854953+00
25	161	2026-04-10 00:13:14.12352+00	2026-04-10 00:13:38.601+00	1	35.00	35.00	wallet	completed	2026-04-10 00:13:14.12352+00
26	161	2026-04-10 09:21:09.899437+00	2026-04-10 09:21:29.461+00	1	30.00	30.00	wallet	completed	2026-04-10 09:21:09.899437+00
27	161	2026-04-10 09:30:31.116553+00	2026-04-10 09:30:37.042+00	1	30.00	30.00	wallet	completed	2026-04-10 09:30:31.116553+00
29	76	2026-04-10 13:05:33.404395+00	2026-04-10 13:05:43.241+00	1	30.00	30.00	wallet	completed	2026-04-10 13:05:33.404395+00
30	161	2026-04-10 21:07:33.163096+00	2026-04-10 21:07:48.495+00	1	30.00	30.00	wallet	completed	2026-04-10 21:07:33.163096+00
31	161	2026-04-10 21:19:04.714265+00	2026-04-10 21:19:15.673+00	1	30.00	30.00	wallet	completed	2026-04-10 21:19:04.714265+00
28	75	2026-04-10 13:05:18.673586+00	2026-04-10 22:40:26.687+00	576	30.00	120.00	wallet	completed	2026-04-10 13:05:18.673586+00
32	75	2026-04-10 23:24:45.733484+00	2026-04-10 23:24:57.966+00	1	30.00	30.00	wallet	completed	2026-04-10 23:24:45.733484+00
33	75	2026-04-10 23:27:23.287334+00	2026-04-10 23:27:29.324+00	1	30.00	30.00	wallet	completed	2026-04-10 23:27:23.287334+00
34	76	2026-04-10 23:29:50.527049+00	2026-04-10 23:30:04.989+00	1	30.00	30.00	wallet	completed	2026-04-10 23:29:50.527049+00
35	76	2026-04-10 23:41:09.881353+00	2026-04-10 23:41:17.585+00	1	30.00	30.00	wallet	completed	2026-04-10 23:41:09.881353+00
36	75	2026-04-10 23:42:52.017272+00	2026-04-10 23:42:59.123+00	1	30.00	30.00	wallet	completed	2026-04-10 23:42:52.017272+00
37	76	2026-04-11 07:00:24.310014+00	2026-04-11 07:00:29.713+00	1	30.00	30.00	wallet	completed	2026-04-11 07:00:24.310014+00
38	75	2026-04-11 07:10:02.951467+00	2026-04-11 07:10:18.466+00	1	30.00	30.00	wallet	completed	2026-04-11 07:10:02.951467+00
39	76	2026-04-11 13:27:24.702161+00	2026-04-11 13:28:05.339+00	1	30.00	30.00	wallet	completed	2026-04-11 13:27:24.702161+00
40	76	2026-04-11 22:59:05.346505+00	2026-04-11 22:59:13.438+00	1	30.00	30.00	wallet	completed	2026-04-11 22:59:05.346505+00
41	75	2026-04-11 23:06:02.425441+00	2026-04-11 23:07:20.05+00	2	30.00	30.00	wallet	completed	2026-04-11 23:06:02.425441+00
42	76	2026-04-11 23:20:50.036592+00	2026-04-11 23:20:56.201+00	1	30.00	30.00	wallet	completed	2026-04-11 23:20:50.036592+00
43	73	2026-04-12 00:27:34.73088+00	2026-04-12 00:27:48.28+00	1	30.00	30.00	wallet	completed	2026-04-12 00:27:34.73088+00
\.


--
-- Data for Name: space_settings; Type: TABLE DATA; Schema: public; Owner: -
--

COPY public.space_settings (id, space_key, name, first_hour, extra_hour, max_hours, updated_at) FROM stdin;
3	lessons	غرفة الدروس	200.00	100.00	12	2026-04-10 00:21:58.238988+00
2	meeting	غرفة الاجتماعات	150.00	100.00	12	2026-04-10 00:22:06.182329+00
1	cowork	منطقة العمل المشتركة	30.00	30.00	4	2026-04-10 00:22:10.341916+00
\.


--
-- Data for Name: subscription_plans; Type: TABLE DATA; Schema: public; Owner: -
--

COPY public.subscription_plans (id, name, price, features, discount_rooms, is_active, created_at, updated_at) FROM stdin;
1	باقة أساسية	500.00	دخول غير محدود لمنطقة العمل	0	t	2026-03-24 22:39:49.177984+00	2026-03-24 22:39:49.177984+00
2	باقة بريميوم	900.00	دخول غير محدود + خصم 20% على الغرف	20	t	2026-03-24 22:39:49.177984+00	2026-03-24 22:39:49.177984+00
3	باقة VIP	1400.00	دخول غير محدود + خصم 40% على الغرف	40	t	2026-03-24 22:39:49.177984+00	2026-03-24 22:39:49.177984+00
4	باقة أساسية	500.00	دخول غير محدود لمنطقة العمل	0	t	2026-03-24 23:05:16.018821+00	2026-03-24 23:05:16.018821+00
5	باقة بريميوم	900.00	دخول غير محدود + خصم 20% على الغرف	20	t	2026-03-24 23:05:16.018821+00	2026-03-24 23:05:16.018821+00
6	باقة VIP	1400.00	دخول غير محدود + خصم 40% على الغرف	40	t	2026-03-24 23:05:16.018821+00	2026-03-24 23:05:16.018821+00
7	باقة أساسية	500.00	دخول غير محدود لمنطقة العمل	0	t	2026-03-25 10:38:09.230715+00	2026-03-25 10:38:09.230715+00
8	باقة بريميوم	900.00	دخول غير محدود + خصم 20% على الغرف	20	t	2026-03-25 10:38:09.230715+00	2026-03-25 10:38:09.230715+00
9	باقة VIP	1400.00	دخول غير محدود + خصم 40% على الغرف	40	t	2026-03-25 10:38:09.230715+00	2026-03-25 10:38:09.230715+00
10	باقة أساسية	500.00	دخول غير محدود لمنطقة العمل	0	t	2026-03-28 17:02:36.324104+00	2026-03-28 17:02:36.324104+00
11	باقة بريميوم	900.00	دخول غير محدود + خصم 20% على الغرف	20	t	2026-03-28 17:02:36.324104+00	2026-03-28 17:02:36.324104+00
12	باقة VIP	1400.00	دخول غير محدود + خصم 40% على الغرف	40	t	2026-03-28 17:02:36.324104+00	2026-03-28 17:02:36.324104+00
13	باقة أساسية	500.00	دخول غير محدود لمنطقة العمل	0	t	2026-03-28 17:07:39.128047+00	2026-03-28 17:07:39.128047+00
14	باقة بريميوم	900.00	دخول غير محدود + خصم 20% على الغرف	20	t	2026-03-28 17:07:39.128047+00	2026-03-28 17:07:39.128047+00
15	باقة VIP	1400.00	دخول غير محدود + خصم 40% على الغرف	40	t	2026-03-28 17:07:39.128047+00	2026-03-28 17:07:39.128047+00
16	باقة أساسية	500.00	دخول غير محدود لمنطقة العمل	0	t	2026-03-30 21:11:13.212708+00	2026-03-30 21:11:13.212708+00
17	باقة بريميوم	900.00	دخول غير محدود + خصم 20% على الغرف	20	t	2026-03-30 21:11:13.212708+00	2026-03-30 21:11:13.212708+00
18	باقة VIP	1400.00	دخول غير محدود + خصم 40% على الغرف	40	t	2026-03-30 21:11:13.212708+00	2026-03-30 21:11:13.212708+00
19	باقة أساسية	500.00	دخول غير محدود لمنطقة العمل	0	t	2026-04-09 17:30:39.659381+00	2026-04-09 17:30:39.659381+00
20	باقة بريميوم	900.00	دخول غير محدود + خصم 20% على الغرف	20	t	2026-04-09 17:30:39.659381+00	2026-04-09 17:30:39.659381+00
21	باقة VIP	1400.00	دخول غير محدود + خصم 40% على الغرف	40	t	2026-04-09 17:30:39.659381+00	2026-04-09 17:30:39.659381+00
22	باقة أساسية	500.00	دخول غير محدود لمنطقة العمل	0	t	2026-04-09 23:41:32.437342+00	2026-04-09 23:41:32.437342+00
23	باقة بريميوم	900.00	دخول غير محدود + خصم 20% على الغرف	20	t	2026-04-09 23:41:32.437342+00	2026-04-09 23:41:32.437342+00
24	باقة VIP	1400.00	دخول غير محدود + خصم 40% على الغرف	40	t	2026-04-09 23:41:32.437342+00	2026-04-09 23:41:32.437342+00
25	باقة أساسية	500.00	دخول غير محدود لمنطقة العمل	0	t	2026-04-09 23:51:15.473995+00	2026-04-09 23:51:15.473995+00
26	باقة بريميوم	900.00	دخول غير محدود + خصم 20% على الغرف	20	t	2026-04-09 23:51:15.473995+00	2026-04-09 23:51:15.473995+00
27	باقة VIP	1400.00	دخول غير محدود + خصم 40% على الغرف	40	t	2026-04-09 23:51:15.473995+00	2026-04-09 23:51:15.473995+00
28	باقة أساسية	500.00	دخول غير محدود لمنطقة العمل	0	t	2026-04-10 00:11:25.570222+00	2026-04-10 00:11:25.570222+00
29	باقة بريميوم	900.00	دخول غير محدود + خصم 20% على الغرف	20	t	2026-04-10 00:11:25.570222+00	2026-04-10 00:11:25.570222+00
30	باقة VIP	1400.00	دخول غير محدود + خصم 40% على الغرف	40	t	2026-04-10 00:11:25.570222+00	2026-04-10 00:11:25.570222+00
31	باقة أساسية	500.00	دخول غير محدود لمنطقة العمل	0	t	2026-04-10 09:15:46.6234+00	2026-04-10 09:15:46.6234+00
32	باقة بريميوم	900.00	دخول غير محدود + خصم 20% على الغرف	20	t	2026-04-10 09:15:46.6234+00	2026-04-10 09:15:46.6234+00
33	باقة VIP	1400.00	دخول غير محدود + خصم 40% على الغرف	40	t	2026-04-10 09:15:46.6234+00	2026-04-10 09:15:46.6234+00
34	باقة أساسية	500.00	دخول غير محدود لمنطقة العمل	0	t	2026-04-10 09:18:22.169236+00	2026-04-10 09:18:22.169236+00
35	باقة بريميوم	900.00	دخول غير محدود + خصم 20% على الغرف	20	t	2026-04-10 09:18:22.169236+00	2026-04-10 09:18:22.169236+00
36	باقة VIP	1400.00	دخول غير محدود + خصم 40% على الغرف	40	t	2026-04-10 09:18:22.169236+00	2026-04-10 09:18:22.169236+00
37	باقة أساسية	500.00	دخول غير محدود لمنطقة العمل	0	t	2026-04-10 09:28:45.344103+00	2026-04-10 09:28:45.344103+00
38	باقة بريميوم	900.00	دخول غير محدود + خصم 20% على الغرف	20	t	2026-04-10 09:28:45.344103+00	2026-04-10 09:28:45.344103+00
39	باقة VIP	1400.00	دخول غير محدود + خصم 40% على الغرف	40	t	2026-04-10 09:28:45.344103+00	2026-04-10 09:28:45.344103+00
40	باقة أساسية	500.00	دخول غير محدود لمنطقة العمل	0	t	2026-04-10 11:27:31.426183+00	2026-04-10 11:27:31.426183+00
41	باقة بريميوم	900.00	دخول غير محدود + خصم 20% على الغرف	20	t	2026-04-10 11:27:31.426183+00	2026-04-10 11:27:31.426183+00
42	باقة VIP	1400.00	دخول غير محدود + خصم 40% على الغرف	40	t	2026-04-10 11:27:31.426183+00	2026-04-10 11:27:31.426183+00
43	باقة أساسية	500.00	دخول غير محدود لمنطقة العمل	0	t	2026-04-10 21:03:48.374665+00	2026-04-10 21:03:48.374665+00
44	باقة بريميوم	900.00	دخول غير محدود + خصم 20% على الغرف	20	t	2026-04-10 21:03:48.374665+00	2026-04-10 21:03:48.374665+00
45	باقة VIP	1400.00	دخول غير محدود + خصم 40% على الغرف	40	t	2026-04-10 21:03:48.374665+00	2026-04-10 21:03:48.374665+00
46	باقة أساسية	500.00	دخول غير محدود لمنطقة العمل	0	t	2026-04-10 21:17:31.777817+00	2026-04-10 21:17:31.777817+00
47	باقة بريميوم	900.00	دخول غير محدود + خصم 20% على الغرف	20	t	2026-04-10 21:17:31.777817+00	2026-04-10 21:17:31.777817+00
48	باقة VIP	1400.00	دخول غير محدود + خصم 40% على الغرف	40	t	2026-04-10 21:17:31.777817+00	2026-04-10 21:17:31.777817+00
49	باقة أساسية	500.00	دخول غير محدود لمنطقة العمل	0	t	2026-04-10 21:45:39.170203+00	2026-04-10 21:45:39.170203+00
50	باقة بريميوم	900.00	دخول غير محدود + خصم 20% على الغرف	20	t	2026-04-10 21:45:39.170203+00	2026-04-10 21:45:39.170203+00
51	باقة VIP	1400.00	دخول غير محدود + خصم 40% على الغرف	40	t	2026-04-10 21:45:39.170203+00	2026-04-10 21:45:39.170203+00
52	باقة أساسية	500.00	دخول غير محدود لمنطقة العمل	0	t	2026-04-10 22:37:44.808531+00	2026-04-10 22:37:44.808531+00
53	باقة بريميوم	900.00	دخول غير محدود + خصم 20% على الغرف	20	t	2026-04-10 22:37:44.808531+00	2026-04-10 22:37:44.808531+00
54	باقة VIP	1400.00	دخول غير محدود + خصم 40% على الغرف	40	t	2026-04-10 22:37:44.808531+00	2026-04-10 22:37:44.808531+00
55	باقة أساسية	500.00	دخول غير محدود لمنطقة العمل	0	t	2026-04-10 23:22:52.761868+00	2026-04-10 23:22:52.761868+00
56	باقة بريميوم	900.00	دخول غير محدود + خصم 20% على الغرف	20	t	2026-04-10 23:22:52.761868+00	2026-04-10 23:22:52.761868+00
57	باقة VIP	1400.00	دخول غير محدود + خصم 40% على الغرف	40	t	2026-04-10 23:22:52.761868+00	2026-04-10 23:22:52.761868+00
58	باقة أساسية	500.00	دخول غير محدود لمنطقة العمل	0	t	2026-04-10 23:39:58.135419+00	2026-04-10 23:39:58.135419+00
59	باقة بريميوم	900.00	دخول غير محدود + خصم 20% على الغرف	20	t	2026-04-10 23:39:58.135419+00	2026-04-10 23:39:58.135419+00
60	باقة VIP	1400.00	دخول غير محدود + خصم 40% على الغرف	40	t	2026-04-10 23:39:58.135419+00	2026-04-10 23:39:58.135419+00
61	باقة أساسية	500.00	دخول غير محدود لمنطقة العمل	0	t	2026-04-11 06:50:19.933458+00	2026-04-11 06:50:19.933458+00
62	باقة بريميوم	900.00	دخول غير محدود + خصم 20% على الغرف	20	t	2026-04-11 06:50:19.933458+00	2026-04-11 06:50:19.933458+00
63	باقة VIP	1400.00	دخول غير محدود + خصم 40% على الغرف	40	t	2026-04-11 06:50:19.933458+00	2026-04-11 06:50:19.933458+00
64	باقة أساسية	500.00	دخول غير محدود لمنطقة العمل	0	t	2026-04-11 07:01:24.669304+00	2026-04-11 07:01:24.669304+00
65	باقة بريميوم	900.00	دخول غير محدود + خصم 20% على الغرف	20	t	2026-04-11 07:01:24.669304+00	2026-04-11 07:01:24.669304+00
66	باقة VIP	1400.00	دخول غير محدود + خصم 40% على الغرف	40	t	2026-04-11 07:01:24.669304+00	2026-04-11 07:01:24.669304+00
67	باقة أساسية	500.00	دخول غير محدود لمنطقة العمل	0	t	2026-04-11 07:10:48.7884+00	2026-04-11 07:10:48.7884+00
68	باقة بريميوم	900.00	دخول غير محدود + خصم 20% على الغرف	20	t	2026-04-11 07:10:48.7884+00	2026-04-11 07:10:48.7884+00
69	باقة VIP	1400.00	دخول غير محدود + خصم 40% على الغرف	40	t	2026-04-11 07:10:48.7884+00	2026-04-11 07:10:48.7884+00
70	باقة أساسية	500.00	دخول غير محدود لمنطقة العمل	0	t	2026-04-11 07:14:02.211665+00	2026-04-11 07:14:02.211665+00
71	باقة بريميوم	900.00	دخول غير محدود + خصم 20% على الغرف	20	t	2026-04-11 07:14:02.211665+00	2026-04-11 07:14:02.211665+00
72	باقة VIP	1400.00	دخول غير محدود + خصم 40% على الغرف	40	t	2026-04-11 07:14:02.211665+00	2026-04-11 07:14:02.211665+00
73	باقة أساسية	500.00	دخول غير محدود لمنطقة العمل	0	t	2026-04-11 13:28:19.917499+00	2026-04-11 13:28:19.917499+00
74	باقة بريميوم	900.00	دخول غير محدود + خصم 20% على الغرف	20	t	2026-04-11 13:28:19.917499+00	2026-04-11 13:28:19.917499+00
75	باقة VIP	1400.00	دخول غير محدود + خصم 40% على الغرف	40	t	2026-04-11 13:28:19.917499+00	2026-04-11 13:28:19.917499+00
76	باقة أساسية	500.00	دخول غير محدود لمنطقة العمل	0	t	2026-04-11 13:53:27.058929+00	2026-04-11 13:53:27.058929+00
77	باقة بريميوم	900.00	دخول غير محدود + خصم 20% على الغرف	20	t	2026-04-11 13:53:27.058929+00	2026-04-11 13:53:27.058929+00
78	باقة VIP	1400.00	دخول غير محدود + خصم 40% على الغرف	40	t	2026-04-11 13:53:27.058929+00	2026-04-11 13:53:27.058929+00
79	باقة أساسية	500.00	دخول غير محدود لمنطقة العمل	0	t	2026-04-11 22:44:41.878886+00	2026-04-11 22:44:41.878886+00
80	باقة بريميوم	900.00	دخول غير محدود + خصم 20% على الغرف	20	t	2026-04-11 22:44:41.878886+00	2026-04-11 22:44:41.878886+00
81	باقة VIP	1400.00	دخول غير محدود + خصم 40% على الغرف	40	t	2026-04-11 22:44:41.878886+00	2026-04-11 22:44:41.878886+00
82	باقة أساسية	500.00	دخول غير محدود لمنطقة العمل	0	t	2026-04-11 22:52:12.745448+00	2026-04-11 22:52:12.745448+00
83	باقة بريميوم	900.00	دخول غير محدود + خصم 20% على الغرف	20	t	2026-04-11 22:52:12.745448+00	2026-04-11 22:52:12.745448+00
84	باقة VIP	1400.00	دخول غير محدود + خصم 40% على الغرف	40	t	2026-04-11 22:52:12.745448+00	2026-04-11 22:52:12.745448+00
85	باقة أساسية	500.00	دخول غير محدود لمنطقة العمل	0	t	2026-04-11 22:59:23.52848+00	2026-04-11 22:59:23.52848+00
86	باقة بريميوم	900.00	دخول غير محدود + خصم 20% على الغرف	20	t	2026-04-11 22:59:23.52848+00	2026-04-11 22:59:23.52848+00
87	باقة VIP	1400.00	دخول غير محدود + خصم 40% على الغرف	40	t	2026-04-11 22:59:23.52848+00	2026-04-11 22:59:23.52848+00
88	باقة أساسية	500.00	دخول غير محدود لمنطقة العمل	0	t	2026-04-11 23:07:50.698167+00	2026-04-11 23:07:50.698167+00
89	باقة بريميوم	900.00	دخول غير محدود + خصم 20% على الغرف	20	t	2026-04-11 23:07:50.698167+00	2026-04-11 23:07:50.698167+00
90	باقة VIP	1400.00	دخول غير محدود + خصم 40% على الغرف	40	t	2026-04-11 23:07:50.698167+00	2026-04-11 23:07:50.698167+00
91	باقة أساسية	500.00	دخول غير محدود لمنطقة العمل	0	t	2026-04-11 23:13:28.510735+00	2026-04-11 23:13:28.510735+00
92	باقة بريميوم	900.00	دخول غير محدود + خصم 20% على الغرف	20	t	2026-04-11 23:13:28.510735+00	2026-04-11 23:13:28.510735+00
93	باقة VIP	1400.00	دخول غير محدود + خصم 40% على الغرف	40	t	2026-04-11 23:13:28.510735+00	2026-04-11 23:13:28.510735+00
94	باقة أساسية	500.00	دخول غير محدود لمنطقة العمل	0	t	2026-04-12 00:47:41.832581+00	2026-04-12 00:47:41.832581+00
95	باقة بريميوم	900.00	دخول غير محدود + خصم 20% على الغرف	20	t	2026-04-12 00:47:41.832581+00	2026-04-12 00:47:41.832581+00
96	باقة VIP	1400.00	دخول غير محدود + خصم 40% على الغرف	40	t	2026-04-12 00:47:41.832581+00	2026-04-12 00:47:41.832581+00
97	باقة أساسية	500.00	دخول غير محدود لمنطقة العمل	0	t	2026-04-12 00:58:22.887156+00	2026-04-12 00:58:22.887156+00
98	باقة بريميوم	900.00	دخول غير محدود + خصم 20% على الغرف	20	t	2026-04-12 00:58:22.887156+00	2026-04-12 00:58:22.887156+00
99	باقة VIP	1400.00	دخول غير محدود + خصم 40% على الغرف	40	t	2026-04-12 00:58:22.887156+00	2026-04-12 00:58:22.887156+00
100	باقة أساسية	500.00	دخول غير محدود لمنطقة العمل	0	t	2026-04-12 01:01:16.812404+00	2026-04-12 01:01:16.812404+00
101	باقة بريميوم	900.00	دخول غير محدود + خصم 20% على الغرف	20	t	2026-04-12 01:01:16.812404+00	2026-04-12 01:01:16.812404+00
102	باقة VIP	1400.00	دخول غير محدود + خصم 40% على الغرف	40	t	2026-04-12 01:01:16.812404+00	2026-04-12 01:01:16.812404+00
103	باقة أساسية	500.00	دخول غير محدود لمنطقة العمل	0	t	2026-04-12 01:08:15.635862+00	2026-04-12 01:08:15.635862+00
104	باقة بريميوم	900.00	دخول غير محدود + خصم 20% على الغرف	20	t	2026-04-12 01:08:15.635862+00	2026-04-12 01:08:15.635862+00
105	باقة VIP	1400.00	دخول غير محدود + خصم 40% على الغرف	40	t	2026-04-12 01:08:15.635862+00	2026-04-12 01:08:15.635862+00
106	باقة أساسية	500.00	دخول غير محدود لمنطقة العمل	0	t	2026-04-12 01:18:16.337764+00	2026-04-12 01:18:16.337764+00
107	باقة بريميوم	900.00	دخول غير محدود + خصم 20% على الغرف	20	t	2026-04-12 01:18:16.337764+00	2026-04-12 01:18:16.337764+00
108	باقة VIP	1400.00	دخول غير محدود + خصم 40% على الغرف	40	t	2026-04-12 01:18:16.337764+00	2026-04-12 01:18:16.337764+00
109	باقة أساسية	500.00	دخول غير محدود لمنطقة العمل	0	t	2026-04-12 01:22:22.218216+00	2026-04-12 01:22:22.218216+00
110	باقة بريميوم	900.00	دخول غير محدود + خصم 20% على الغرف	20	t	2026-04-12 01:22:22.218216+00	2026-04-12 01:22:22.218216+00
111	باقة VIP	1400.00	دخول غير محدود + خصم 40% على الغرف	40	t	2026-04-12 01:22:22.218216+00	2026-04-12 01:22:22.218216+00
112	باقة أساسية	500.00	دخول غير محدود لمنطقة العمل	0	t	2026-04-12 14:07:47.435229+00	2026-04-12 14:07:47.435229+00
113	باقة بريميوم	900.00	دخول غير محدود + خصم 20% على الغرف	20	t	2026-04-12 14:07:47.435229+00	2026-04-12 14:07:47.435229+00
114	باقة VIP	1400.00	دخول غير محدود + خصم 40% على الغرف	40	t	2026-04-12 14:07:47.435229+00	2026-04-12 14:07:47.435229+00
115	باقة أساسية	500.00	دخول غير محدود لمنطقة العمل	0	t	2026-04-12 14:36:07.775614+00	2026-04-12 14:36:07.775614+00
116	باقة بريميوم	900.00	دخول غير محدود + خصم 20% على الغرف	20	t	2026-04-12 14:36:07.775614+00	2026-04-12 14:36:07.775614+00
117	باقة VIP	1400.00	دخول غير محدود + خصم 40% على الغرف	40	t	2026-04-12 14:36:07.775614+00	2026-04-12 14:36:07.775614+00
\.


--
-- Data for Name: users; Type: TABLE DATA; Schema: public; Owner: -
--

COPY public.users (id, name, phone, password, role, balance, points, qr_code, is_active, created_at, updated_at) FROM stdin;
1	مدير النظام	01000000000	$2a$12$07JTMuoPPatRGn9Yg8U5OOEkZPZYivXHBWa5pfEaHpZNG2DWJGvx.	admin	0.00	0	89aee623-c440-42d1-b32d-1f0edc6e672a	t	2026-03-21 13:11:58.641053+00	2026-03-21 13:11:58.641053+00
2	موظف الاستقبال	01100000000	$2a$12$/lhv1O7/gT2o/mEfOeNMxuV4vj49Y47UYC1q9bIC9a.Pr0aZlWFLu	staff	0.00	0	b091fcee-30e0-4250-8c07-5e7019d6e14e	t	2026-03-21 13:11:58.644617+00	2026-03-21 13:11:58.644617+00
3	أحمد محمد السيد	01012345678	$2a$12$me4Exf2tPJsX.rRcpgCCSebzykXtP7E5CGlu0HGlUp4/DwvRv69eC	client	145.50	87	5ca5f5e8-2a4c-4528-9ff8-ee2d5f4e27d6	t	2026-03-21 13:11:58.905618+00	2026-03-21 13:11:58.905618+00
4	سارة خالد إبراهيم	01123456789	$2a$12$s5mmf2.Tq14WPhIg/JtBfeIy1oGv7ADh2YDG7dHaQaQUMw1mbp0Xa	client	80.00	45	30d1f6cb-4bd3-468b-83b1-f3fc40df147b	t	2026-03-21 13:11:59.163901+00	2026-03-21 13:11:59.163901+00
5	محمد علي حسن	01234567890	$2a$12$8x2FGPirRr3U0EjWWY4gNeix2trM2ni0wIvqqcUP7hA5S7ZmpVMVW	client	200.00	120	85abf253-397a-4e75-b11c-054b9f8f36b3	t	2026-03-21 13:11:59.424733+00	2026-03-21 13:11:59.424733+00
6	نورا حسن أحمد	01345678901	$2a$12$pqxFFt5R7uy5OVvv1Rzb.u6DuPNpooHTiRaS8MFrxEYcCjcFXpKjy	client	50.00	20	bd525bb9-1ffa-409c-8709-17140a5406df	t	2026-03-21 13:11:59.683317+00	2026-03-21 13:11:59.683317+00
7	كريم عبدالله	01456789012	$2a$12$UkW1uURkOXLkUrAG1EOXCOeNy.h/LmshVbln2V4TaMWRSpQv/DwW6	client	310.00	180	ce7bba68-2a8e-48e7-8433-24d55b3d119c	t	2026-03-21 13:11:59.941723+00	2026-03-21 13:11:59.941723+00
50	سالم عبدالراضي	01029947831	$2a$12$M.NJtNQxp6sPcFFjFAFw6.5FsIoOhShNA2pTzTH13EOl.ZC0wyBJK	client	0.00	0	5421ed31-f739-4fa2-a45a-3df5ba0f8b89	t	2026-03-21 16:20:28.831894+00	2026-03-21 16:20:28.831894+00
65	سالم راضي	01029947832	$2a$12$ctDVj.V48s2cykEPLP8gt.tRH7YLfdlHwPfP5Qexav.t5orBRAFqC	client	0.00	0	4970823	t	2026-03-21 17:52:16.76334+00	2026-03-21 17:52:16.76334+00
74	محمد عبد الراضي	01096267021	$2a$12$N.lf8rzBkxEPXk.aFzBJkOQ7PkGKoHU1Mi7tKX.GWOnKDcHWuQv.m	client	0.00	0	6866201	t	2026-03-21 22:16:22.96538+00	2026-03-21 22:16:22.96538+00
75	احمد عبد الرحيم ربيع	01019839140	$2a$12$OcJ1ldKqVyG84Wxle5pxMeC11hfXdKUHu.golKW94X2EK7SozP1sa	client	7.00	47	3478485	t	2026-03-21 22:35:08.397302+00	2026-03-21 22:35:08.397302+00
76	Salah mohamed	01000984633	$2a$12$i2/RhN4IpmB2nqNZ/rdvse1jbpHWfx6IL9qaYvJe/EJ58NaW1IVOy	client	0.00	41	5017682	t	2026-03-21 22:46:42.236387+00	2026-03-21 22:46:42.236387+00
73	سالم علي	01029947833	$2a$12$GHMtqrcJNib253k8mCFYW.H1j7INsBNuSvbfhDltZzKKNZfPA/gvy	client	0.00	4	7027644	t	2026-03-21 22:13:02.495873+00	2026-03-21 22:13:02.495873+00
161	سالم عبدالواحد	01029947834	$2a$12$aM5G3Aw7UyhsJG7cE0Y.2uZcThPSKrohkdSqwXljuldKZ7BD4zy9i	client	0.00	89	7536108	t	2026-03-22 17:43:51.399835+00	2026-03-22 17:43:51.399835+00
\.


--
-- Data for Name: wallet_transactions; Type: TABLE DATA; Schema: public; Owner: -
--

COPY public.wallet_transactions (id, user_id, type, amount, description, created_at) FROM stdin;
1	76	credit	50.00	شحن يدوي من الإدارة	2026-03-22 12:39:18.20194+00
2	75	credit	1.00	شحن يدوي من الإدارة	2026-03-22 13:11:48.689949+00
3	76	debit	30.00	خصم تكلفة جلسة	2026-04-10 13:05:43.234206+00
4	75	credit	5.00	شحن يدوي من الإدارة	2026-04-10 21:20:46.514572+00
5	75	credit	1.00	شحن يدوي من الإدارة	2026-04-10 23:27:16.390892+00
6	76	debit	20.00	فاتورة #INV-656022 (+ 10.00 ج كاش)	2026-04-11 23:21:02.116635+00
\.


--
-- Name: coupons_id_seq; Type: SEQUENCE SET; Schema: public; Owner: -
--

SELECT pg_catalog.setval('public.coupons_id_seq', 7, true);


--
-- Name: invoices_id_seq; Type: SEQUENCE SET; Schema: public; Owner: -
--

SELECT pg_catalog.setval('public.invoices_id_seq', 8, true);


--
-- Name: price_settings_id_seq; Type: SEQUENCE SET; Schema: public; Owner: -
--

SELECT pg_catalog.setval('public.price_settings_id_seq', 201, true);


--
-- Name: services_id_seq; Type: SEQUENCE SET; Schema: public; Owner: -
--

SELECT pg_catalog.setval('public.services_id_seq', 234, true);


--
-- Name: sessions_id_seq; Type: SEQUENCE SET; Schema: public; Owner: -
--

SELECT pg_catalog.setval('public.sessions_id_seq', 43, true);


--
-- Name: space_settings_id_seq; Type: SEQUENCE SET; Schema: public; Owner: -
--

SELECT pg_catalog.setval('public.space_settings_id_seq', 117, true);


--
-- Name: subscription_plans_id_seq; Type: SEQUENCE SET; Schema: public; Owner: -
--

SELECT pg_catalog.setval('public.subscription_plans_id_seq', 117, true);


--
-- Name: users_id_seq; Type: SEQUENCE SET; Schema: public; Owner: -
--

SELECT pg_catalog.setval('public.users_id_seq', 476, true);


--
-- Name: wallet_transactions_id_seq; Type: SEQUENCE SET; Schema: public; Owner: -
--

SELECT pg_catalog.setval('public.wallet_transactions_id_seq', 6, true);


--
-- Name: coupons coupons_code_key; Type: CONSTRAINT; Schema: public; Owner: -
--

ALTER TABLE ONLY public.coupons
    ADD CONSTRAINT coupons_code_key UNIQUE (code);


--
-- Name: coupons coupons_pkey; Type: CONSTRAINT; Schema: public; Owner: -
--

ALTER TABLE ONLY public.coupons
    ADD CONSTRAINT coupons_pkey PRIMARY KEY (id);


--
-- Name: invoices invoices_invoice_number_key; Type: CONSTRAINT; Schema: public; Owner: -
--

ALTER TABLE ONLY public.invoices
    ADD CONSTRAINT invoices_invoice_number_key UNIQUE (invoice_number);


--
-- Name: invoices invoices_pkey; Type: CONSTRAINT; Schema: public; Owner: -
--

ALTER TABLE ONLY public.invoices
    ADD CONSTRAINT invoices_pkey PRIMARY KEY (id);


--
-- Name: price_settings price_settings_pkey; Type: CONSTRAINT; Schema: public; Owner: -
--

ALTER TABLE ONLY public.price_settings
    ADD CONSTRAINT price_settings_pkey PRIMARY KEY (id);


--
-- Name: services services_pkey; Type: CONSTRAINT; Schema: public; Owner: -
--

ALTER TABLE ONLY public.services
    ADD CONSTRAINT services_pkey PRIMARY KEY (id);


--
-- Name: sessions sessions_pkey; Type: CONSTRAINT; Schema: public; Owner: -
--

ALTER TABLE ONLY public.sessions
    ADD CONSTRAINT sessions_pkey PRIMARY KEY (id);


--
-- Name: space_settings space_settings_pkey; Type: CONSTRAINT; Schema: public; Owner: -
--

ALTER TABLE ONLY public.space_settings
    ADD CONSTRAINT space_settings_pkey PRIMARY KEY (id);


--
-- Name: space_settings space_settings_space_key_key; Type: CONSTRAINT; Schema: public; Owner: -
--

ALTER TABLE ONLY public.space_settings
    ADD CONSTRAINT space_settings_space_key_key UNIQUE (space_key);


--
-- Name: subscription_plans subscription_plans_pkey; Type: CONSTRAINT; Schema: public; Owner: -
--

ALTER TABLE ONLY public.subscription_plans
    ADD CONSTRAINT subscription_plans_pkey PRIMARY KEY (id);


--
-- Name: users users_phone_key; Type: CONSTRAINT; Schema: public; Owner: -
--

ALTER TABLE ONLY public.users
    ADD CONSTRAINT users_phone_key UNIQUE (phone);


--
-- Name: users users_pkey; Type: CONSTRAINT; Schema: public; Owner: -
--

ALTER TABLE ONLY public.users
    ADD CONSTRAINT users_pkey PRIMARY KEY (id);


--
-- Name: users users_qr_code_key; Type: CONSTRAINT; Schema: public; Owner: -
--

ALTER TABLE ONLY public.users
    ADD CONSTRAINT users_qr_code_key UNIQUE (qr_code);


--
-- Name: wallet_transactions wallet_transactions_pkey; Type: CONSTRAINT; Schema: public; Owner: -
--

ALTER TABLE ONLY public.wallet_transactions
    ADD CONSTRAINT wallet_transactions_pkey PRIMARY KEY (id);


--
-- Name: idx_coupons_user_id; Type: INDEX; Schema: public; Owner: -
--

CREATE INDEX idx_coupons_user_id ON public.coupons USING btree (user_id);


--
-- Name: idx_invoices_created; Type: INDEX; Schema: public; Owner: -
--

CREATE INDEX idx_invoices_created ON public.invoices USING btree (created_at DESC);


--
-- Name: idx_invoices_user_id; Type: INDEX; Schema: public; Owner: -
--

CREATE INDEX idx_invoices_user_id ON public.invoices USING btree (user_id);


--
-- Name: idx_sessions_status; Type: INDEX; Schema: public; Owner: -
--

CREATE INDEX idx_sessions_status ON public.sessions USING btree (status);


--
-- Name: idx_sessions_user_id; Type: INDEX; Schema: public; Owner: -
--

CREATE INDEX idx_sessions_user_id ON public.sessions USING btree (user_id);


--
-- Name: idx_users_phone; Type: INDEX; Schema: public; Owner: -
--

CREATE INDEX idx_users_phone ON public.users USING btree (phone);


--
-- Name: idx_wallet_user_id; Type: INDEX; Schema: public; Owner: -
--

CREATE INDEX idx_wallet_user_id ON public.wallet_transactions USING btree (user_id);


--
-- Name: coupons coupons_user_id_fkey; Type: FK CONSTRAINT; Schema: public; Owner: -
--

ALTER TABLE ONLY public.coupons
    ADD CONSTRAINT coupons_user_id_fkey FOREIGN KEY (user_id) REFERENCES public.users(id) ON DELETE CASCADE;


--
-- Name: invoices invoices_session_id_fkey; Type: FK CONSTRAINT; Schema: public; Owner: -
--

ALTER TABLE ONLY public.invoices
    ADD CONSTRAINT invoices_session_id_fkey FOREIGN KEY (session_id) REFERENCES public.sessions(id) ON DELETE SET NULL;


--
-- Name: invoices invoices_user_id_fkey; Type: FK CONSTRAINT; Schema: public; Owner: -
--

ALTER TABLE ONLY public.invoices
    ADD CONSTRAINT invoices_user_id_fkey FOREIGN KEY (user_id) REFERENCES public.users(id) ON DELETE CASCADE;


--
-- Name: sessions sessions_user_id_fkey; Type: FK CONSTRAINT; Schema: public; Owner: -
--

ALTER TABLE ONLY public.sessions
    ADD CONSTRAINT sessions_user_id_fkey FOREIGN KEY (user_id) REFERENCES public.users(id) ON DELETE CASCADE;


--
-- Name: wallet_transactions wallet_transactions_user_id_fkey; Type: FK CONSTRAINT; Schema: public; Owner: -
--

ALTER TABLE ONLY public.wallet_transactions
    ADD CONSTRAINT wallet_transactions_user_id_fkey FOREIGN KEY (user_id) REFERENCES public.users(id) ON DELETE CASCADE;


--
-- PostgreSQL database dump complete
--

\unrestrict qKfiilquwpAKpdPFUGPTZD8sxy2pFWWvP4fmQ8NQKx7HyQtxIzWYcTWN4HaWdCx

